Workbook

Sheet Rent Roll
A1: Property | B1: Suite | C1: Tenant | D1: SF | E1: Lease Start | F1: Lease End | G1: Annual Rent | H1: Rent PSF | I1: Market Rent PSF | J1: Loss-to-Lease PSF | K1: Status | L1: Notes
A2: Carrollton | B2: 100 | C2: Titan Glass LLC | D2: 2600 | E2: Oct-2023 | F2: Mar-2027 | G2: 38926 | H2: =IF(D2=0,0,G2/D2) -> 14.971538 | I2: 18 | J2: =IF(G2=0,0,I2-H2) -> 3.0284615 | K2: Occupied | L2: Shop; Guarantor: Adren Savitch
A3: Carrollton | B3: 104 | C3: Fluonics Inc. | D3: 2600 | E3: Oct-2024 | F3: Mar-2028 | G3: 42640 | H3: =IF(D3=0,0,G3/D3) -> 16.4 | I3: 18 | J3: =IF(G3=0,0,I3-H3) -> 1.6 | K3: Occupied | L3: Shop; Guarantor: Fluonics Co. Ltd (Korea)
A4: Carrollton | B4: 108 | C4: Bath Touch Metals Inc. | D4: 2600 | E4: Dec-2023 | F4: May-2027 | G4: 40291 | H4: =IF(D4=0,0,G4/D4) -> 15.496538 | I4: 18 | J4: =IF(G4=0,0,I4-H4) -> 2.5034615 | K4: Occupied | L4: Shop; assumed to vacate at expiration
A5: Carrollton | B5: 112 | C5: VACANT | D5: 2600 | G5: 0 | H5: =IF(D5=0,0,G5/D5) -> 0 | I5: 18 | J5: =IF(G5=0,0,I5-H5) -> 0 | K5: Vacant | L5: Shop; future lease-up Jan-2027 in OM
A6: Carrollton | B6: 116 | C6: Vivax Systems Inc. | D6: 2600 | E6: Mar-2025 | F6: Sep-2028 | G6: 45305 | H6: =IF(D6=0,0,G6/D6) -> 17.425 | I6: 18 | J6: =IF(G6=0,0,I6-H6) -> 0.575 | K6: Occupied | L6: Shop; Guarantor: Haresh Busa
A7: Carrollton | B7: 120 | C7: KJLux Auto LLC | D7: 2600 | E7: Oct-2023 | F7: Sep-2027 | G7: 40291 | H7: =IF(D7=0,0,G7/D7) -> 15.496538 | I7: 18 | J7: =IF(G7=0,0,I7-H7) -> 2.5034615 | K7: Occupied | L7: Shop; Guarantor: Kristopher Johnson / Isaac Wilke
A8: Carrollton | B8: 124 | C8: CervComm Technology Group LLC | D8: 2600 | E8: Oct-2023 | F8: Sep-2027 | G8: 40291 | H8: =IF(D8=0,0,G8/D8) -> 15.496538 | I8: 18 | J8: =IF(G8=0,0,I8-H8) -> 2.5034615 | K8: Occupied | L8: Shop; Guarantor: Jacob/Christine Cervantes
A9: Carrollton | B9: 128 | C9: FirstCall Mechanical Group Texas LLC | D9: 2600 | E9: Oct-2023 | F9: Mar-2027 | G9: 40291 | H9: =IF(D9=0,0,G9/D9) -> 15.496538 | I9: 18 | J9: =IF(G9=0,0,I9-H9) -> 2.5034615 | K9: Occupied | L9: Shop
A10: Carrollton | B10: 132 | C10: The Vicla Shop LLC | D10: 2600 | E10: Dec-2023 | F10: Nov-2028 | G10: 40291 | H10: =IF(D10=0,0,G10/D10) -> 15.496538 | I10: 18 | J10: =IF(G10=0,0,I10-H10) -> 2.5034615 | K10: Occupied | L10: Shop; Guarantor: Luth Wende / Rodney Ramos
A11: Carrollton | B11: 136 | C11: March Motorsports LLC | D11: 4525 | E11: Dec-2023 | F11: May-2027 | G11: 70123 | H11: =IF(D11=0,0,G11/D11) -> 15.496796 | I11: 18 | J11: =IF(G11=0,0,I11-H11) -> 2.5032044 | K11: Occupied | L11: Shop; Guarantor: Dalton March
A12: Carrollton | B12: 200 | C12: Wada Precision Dental Laboratories USA | D12: 1870 | E12: Nov-2023 | F12: Oct-2028 | G12: 28979 | H12: =IF(D12=0,0,G12/D12) -> 15.496791 | I12: 16 | J12: =IF(G12=0,0,I12-H12) -> 0.50320856 | K12: Occupied | L12: Studio; Guarantor: Takeshi Kutsumizu
A13: Carrollton | B13: 204 | C13: J. Auto Solutions LLC | D13: 1870 | E13: Mar-2026 | F13: Feb-2027 | G13: 29920 | H13: =IF(D13=0,0,G13/D13) -> 16 | I13: 16 | J13: =IF(G13=0,0,I13-H13) -> 0 | K13: Occupied | L13: Studio; Guarantor: Xuan Luo
A14: Carrollton | B14: 208 | C14: LK Tools Inc. | D14: 1870 | E14: Jul-2025 | F14: Dec-2028 | G14: 26180 | H14: =IF(D14=0,0,G14/D14) -> 14 | I14: 16 | J14: =IF(G14=0,0,I14-H14) -> 2 | K14: Occupied | L14: Studio; Guarantor: Justin Baucum
A15: Carrollton | B15: 212 | C15: Isembard Corporation | D15: 3230 | E15: Jan-2025 | F15: Dec-2029 | G15: 56283 | H15: =IF(D15=0,0,G15/D15) -> 17.425077 | I15: 16 | J15: =IF(G15=0,0,I15-H15) -> -1.4250774 | K15: Occupied | L15: Studio; Guarantor: Sean Pae
A16: Carrollton | B16: 220 | C16: Cryofuture Inc. | D16: 3230 | E16: Apr-2024 | F16: Sep-2027 | G16: 50054 | H16: =IF(D16=0,0,G16/D16) -> 15.496594 | I16: 16 | J16: =IF(G16=0,0,I16-H16) -> 0.50340557 | K16: Occupied | L16: Studio; assumed to vacate; Guarantor: Angel Naomi Baker
A17: Carrollton | B17: 228 | C17: MD Management Holdings LLC | D17: 1870 | E17: Aug-2025 | F17: Jul-2027 | G17: 26180 | H17: =IF(D17=0,0,G17/D17) -> 14 | I17: 16 | J17: =IF(G17=0,0,I17-H17) -> 2 | K17: Occupied | L17: Studio; Guarantor: Micah Driver
... A19: Carrollton | B19: 236 | C19: Republic RX LLC | D19: 1870 | E19: Aug-2024 | F19: Feb-2028 | G19: 30668 | H19: =IF(D19=0,0,G19/D19) -> 16.4 | I19: 16 | J19: =IF(G19=0,0,I19-H19) -> -0.4 | K19: Occupied | L19: Studio; Guarantor: Tung Nguyen
A20: Carrollton | B20: 240 | C20: VACANT | D20: 1870 | G20: 0 | H20: =IF(D20=0,0,G20/D20) -> 0 | I20: 16 | J20: =IF(G20=0,0,I20-H20) -> 0 | K20: Vacant | L20: Studio; future lease-up Jul-2026 in OM
A21: Carrollton | B21: 300 | C21: VACANT | D21: 2580 | G21: 0 | H21: =IF(D21=0,0,G21/D21) -> 0 | I21: 16 | J21: =IF(G21=0,0,I21-H21) -> 0 | K21: Vacant | L21: Studio; future lease-up Nov-2026 in OM
A22: Carrollton | B22: 304 | C22: Jeremy Brewer & Thien Hoang | D22: 2720 | E22: Aug-2025 | F22: Jan-2029 | G22: 38080 | H22: =IF(D22=0,0,G22/D22) -> 14 | I22: 16 | J22: =IF(G22=0,0,I22-H22) -> 2 | K22: Occupied | L22: Studio
A23: Carrollton | B23: 316 | C23: CS Tuning Club LLC | D23: 3230 | E23: Jan-2026 | F23: Jul-2029 | G23: 45220 | H23: =IF(D23=0,0,G23/D23) -> 14 | I23: 16 | J23: =IF(G23=0,0,I23-H23) -> 2 | K23: Occupied | L23: Studio; Guarantor: Hsi (Sean) Chou
A24: Carrollton | B24: 320 | C24: Horvez Holdings Inc. | D24: 1870 | E24: May-2025 | F24: Oct-2028 | G24: 26835 | H24: =IF(D24=0,0,G24/D24) -> 14.350267 | I24: 16 | J24: =IF(G24=0,0,I24-H24) -> 1.6497326 | K24: Occupied | L24: Studio; Guarantor: Aixa Alvarez
A25: Carrollton | B25: 324 | C25: Horvez Holdings Inc. | D25: 1870 | E25: Dec-2025 | F25: Oct-2028 | G25: 26180 | H25: =IF(D25=0,0,G25/D25) -> 14 | I25: 16 | J25: =IF(G25=0,0,I25-H25) -> 2 | K25: Occupied | L25: Studio; Guarantor: Aixa Alvarez
A26: Carrollton | B26: 328 | C26: Delio LLC | D26: 1870 | E26: Nov-2025 | F26: May-2029 | G26: 29920 | H26: =IF(D26=0,0,G26/D26) -> 16 | I26: 16 | J26: =IF(G26=0,0,I26-H26) -> 0 | K26: Occupied | L26: Studio; Guarantor: Blue Swan Health
A27: Carrollton | B27: 332 | C27: VACANT | D27: 1870 | G27: 0 | H27: =IF(D27=0,0,G27/D27) -> 0 | I27: 16 | J27: =IF(G27=0,0,I27-H27) -> 0 | K27: Vacant | L27: Studio; future lease-up Sep-2026 in OM
A28: Carrollton | B28: 336 | C28: TMII Enterprises LLC | D28: 1870 | E28: Aug-2025 | F28: Nov-2027 | G28: 26180 | H28: =IF(D28=0,0,G28/D28) -> 14 | I28: 16 | J28: =IF(G28=0,0,I28-H28) -> 2 | K28: Occupied | L28: Studio; Guarantor: Joseph McCusker
A29: Carrollton | B29: 340 | C29: TMII Enterprises LLC | D29: 1870 | E29: Jun-2024 | F29: Nov-2027 | G29: 30668 | H29: =IF(D29=0,0,G29/D29) -> 16.4 | I29: 16 | J29: =IF(G29=0,0,I29-H29) -> -0.4 | K29: Occupied | L29: Studio; Guarantor: Joseph McCusker
A30: Carrollton | B30: 400 | C30: Egnite Electric LLC | D30: 12805 | E30: Nov-2025 | F30: Oct-2030 | G30: 212819 | H30: =IF(D30=0,0,G30/D30) -> 16.619992 | I30: 18 | J30: =IF(G30=0,0,I30-H30) -> 1.3800078 | K30: Occupied | L30: Shop; Guarantor: Jazziel Perea Perez
A31: Carrollton | B31: 412 | C31: Egnite Electric LLC | D31: 2600 | E31: Feb-2026 | F31: Oct-2030 | G31: 46800 | H31: =IF(D31=0,0,G31/D31) -> 18 | I31: 18 | J31: =IF(G31=0,0,I31-H31) -> 0 | K31: Occupied | L31: Shop; Guarantor: Jazziel Perea Perez
A32: Carrollton | B32: 416 | C32: Egnite Electric LLC | D32: 2600 | E32: Apr-2025 | F32: Mar-2029 | G32: 47970 | H32: =IF(D32=0,0,G32/D32) -> 18.45 | I32: 18 | J32: =IF(G32=0,0,I32-H32) -> -0.45 | K32: Occupied | L32: Shop; Guarantor: Richard Simon
A33: Carrollton | B33: 420 | C33: DT Creations Inc. | D33: 3450 | E33: Feb-2025 | F33: Jul-2028 | G33: 56580 | H33: =IF(D33=0,0,G33/D33) -> 16.4 | I33: 18 | J33: =IF(G33=0,0,I33-H33) -> 1.6 | K33: Occupied | L33: Shop; Guarantor: Jazziel Ruben Perea
A34: Carrollton | B34: 424 | C34: Metro Elevator DFW Inc. | D34: 2600 | E34: Jan-2026 | F34: Oct-2028 | G34: 46800 | H34: =IF(D34=0,0,G34/D34) -> 18 | I34: 18 | J34: =IF(G34=0,0,I34-H34) -> 0 | K34: Occupied | L34: Shop; Guarantor: Brad Hager
A35: Carrollton | B35: 428 | C35: Metro Elevator DFW Inc. | D35: 2600 | E35: May-2025 | F35: Oct-2028 | G35: 47970 | H35: =IF(D35=0,0,G35/D35) -> 18.45 | I35: 18 | J35: =IF(G35=0,0,I35-H35) -> -0.45 | K35: Occupied | L35: Shop; Guarantor: Metro Elevator Holdings
A36: Carrollton | B36: 432 | C36: Metro Elevator DFW Inc. | D36: 4525 | E36: May-2025 | F36: Apr-2028 | G36: 83486 | H36: =IF(D36=0,0,G36/D36) -> 18.449945 | I36: 18 | J36: =IF(G36=0,0,I36-H36) -> -0.44994475 | K36: Occupied | L36: Shop
A37: Carrollton | B37: 440 | C37: Prime Facility Maintenance Inc. | D37: 3450 | E37: Mar-2025 | F37: Aug-2028 | G37: 56580 | H37: =IF(D37=0,0,G37/D37) -> 16.4 | I37: 18 | J37: =IF(G37=0,0,I37-H37) -> 1.6 | K37: Occupied | L37: Shop; Guarantor: Seferino Marquez
A38: Frisco | B38: 101 | C38: Legacy Respiratory Care & Medical Equipment Inc | D38: 2600 | E38: Apr-2025 | F38: Sep-2028 | G38: 50635 | H38: =IF(D38=0,0,G38/D38) -> 19.475 | I38: 19 | J38: =IF(G38=0,0,I38-H38) -> -0.475 | K38: Occupied | L38: Guarantor: Anthony Aguilar / Primrose Homehealth
A39: Frisco | B39: 102 | C39: Redden Companies LLC | D39: 2600 | E39: Apr-2025 | F39: Sep-2028 | G39: 47970 | H39: =IF(D39=0,0,G39/D39) -> 18.45 | I39: 19 | J39: =IF(G39=0,0,I39-H39) -> 0.55 | K39: Occupied | L39: Guarantor: Brooke Redden
A40: Frisco | B40: 103 | C40: Titan Glass LLC | D40: 2600 | E40: Apr-2025 | F40: Mar-2029 | G40: 45305 | H40: =IF(D40=0,0,G40/D40) -> 17.425 | I40: 19 | J40: =IF(G40=0,0,I40-H40) -> 1.575 | K40: Occupied
A41: Frisco | B41: 104 | C41: Axis Water Technologies | D41: 2600 | E41: Apr-2025 | F41: Sep-2028 | G41: 41974 | H41: =IF(D41=0,0,G41/D41) -> 16.143846 | I41: 19 | J41: =IF(G41=0,0,I41-H41) -> 2.8561538 | K41: Occupied | L41: Guarantor: Adren Savitch
A42: Frisco | B42: 105 | C42: Louder Group LLC | D42: 2600 | E42: Aug-2025 | F42: Jan-2029 | G42: 46800 | H42: =IF(D42=0,0,G42/D42) -> 18 | I42: 19 | J42: =IF(G42=0,0,I42-H42) -> 1 | K42: Occupied | L42: Guarantor: Maro Radenovic
A43: Frisco | B43: 106 | C43: Louder Group LLC | D43: 2600 | E43: Aug-2025 | F43: Jan-2029 | G43: 46800 | H43: =IF(D43=0,0,G43/D43) -> 18 | I43: 19 | J43: =IF(G43=0,0,I43-H43) -> 1 | K43: Occupied | L43: Guarantor: Maro Radenovic
A44: Frisco | B44: 107 | C44: Foundation Werks LLC | D44: 2600 | E44: Apr-2025 | F44: Sep-2028 | G44: 43973 | H44: =IF(D44=0,0,G44/D44) -> 16.912692 | I44: 19 | J44: =IF(G44=0,0,I44-H44) -> 2.0873077 | K44: Occupied | L44: Guarantor: Seneca McField
A45: Frisco | B45: 108 | C45: JHBT Investments LLC | D45: 2600 | E45: Jun-2025 | F45: Nov-2028 | G45: 49400 | H45: =IF(D45=0,0,G45/D45) -> 19 | I45: 19 | J45: =IF(G45=0,0,I45-H45) -> 0 | K45: Occupied | L45: Guarantor: Jonathon Hunter
A46: Frisco | B46: 109 | C46: Terrace Design Group LLC | D46: 2600 | E46: Apr-2025 | F46: Sep-2028 | G46: 45305 | H46: =IF(D46=0,0,G46/D46) -> 17.425 | I46: 19 | J46: =IF(G46=0,0,I46-H46) -> 1.575 | K46: Occupied | L46: Assumed to vacate; Guarantor: Collin Jarrell
A47: Frisco | B47: 110 | C47: Dallas Closet Design LLC | D47: 2600 | E47: May-2025 | F47: Oct-2028 | G47: 45305 | H47: =IF(D47=0,0,G47/D47) -> 17.425 | I47: 19 | J47: =IF(G47=0,0,I47-H47) -> 1.575 | K47: Occupied | L47: Guarantor: Shannon Swarbrick
A48: Frisco | B48: 111 | C48: Proficient Roofing LLC | D48: 2600 | E48: Apr-2025 | F48: Sep-2028 | G48: 43973 | H48: =IF(D48=0,0,G48/D48) -> 16.912692 | I48: 19 | J48: =IF(G48=0,0,I48-H48) -> 2.0873077 | K48: Occupied | L48: Guarantor: Juan Tapia
A49: Frisco | B49: 201 | C49: ProXcellence LLC | D49: 2600 | E49: Apr-2025 | F49: Sep-2028 | G49: 47970 | H49: =IF(D49=0,0,G49/D49) -> 18.45 | I49: 19 | J49: =IF(G49=0,0,I49-H49) -> 0.55 | K49: Occupied | L49: Guarantor: Li (Michelle) Li
A50: Frisco | B50: 202 | C50: RBM Services Inc. | D50: 2600 | E50: Jun-2025 | F50: Nov-2028 | G50: 49400 | H50: =IF(D50=0,0,G50/D50) -> 19 | I50: 19 | J50: =IF(G50=0,0,I50-H50) -> 0 | K50: Occupied
A51: Frisco | B51: 203 | C51: RBM Services Inc. | D51: 2600 | E51: Jun-2025 | F51: Nov-2028 | G51: 49400 | H51: =IF(D51=0,0,G51/D51) -> 19 | I51: 19 | J51: =IF(G51=0,0,I51-H51) -> 0 | K51: Occupied
A52: Frisco | B52: 204 | C52: La Dotta Coffee & Tea Inc. | D52: 2600 | E52: Apr-2025 | F52: Sep-2028 | G52: 47970 | H52: =IF(D52=0,0,G52/D52) -> 18.45 | I52: 19 | J52: =IF(G52=0,0,I52-H52) -> 0.55 | K52: Occupied
A53: Frisco | B53: 205 | C53: Top Hids Inc. | D53: 2600 | E53: Apr-2025 | F53: Sep-2028 | G53: 45305 | H53: =IF(D53=0,0,G53/D53) -> 17.425 | I53: 19 | J53: =IF(G53=0,0,I53-H53) -> 1.575 | K53: Occupied | L53: Guarantor: Dr. Robert Koukol
A54: Frisco | B54: 206 | C54: Legacy Luxury Detail | D54: 2600 | E54: May-2025 | F54: Oct-2028 | G54: 47970 | H54: =IF(D54=0,0,G54/D54) -> 18.45 | I54: 19 | J54: =IF(G54=0,0,I54-H54) -> 0.55 | K54: Occupied | L54: Guarantor: Andrew Sawyer
A55: Frisco | B55: 207 | C55: Centec LLC | D55: 2600 | E55: Apr-2025 | F55: Mar-2030 | G55: 43973 | H55: =IF(D55=0,0,G55/D55) -> 16.912692 | I55: 19 | J55: =IF(G55=0,0,I55-H55) -> 2.0873077 | K55: Occupied | L55: Guarantor: Hisham Amir Habra
A56: Frisco | B56: 208 | C56: Bridging Biosciences LLC | D56: 2600 | E56: Apr-2025 | F56: Sep-2028 | G56: 43973 | H56: =IF(D56=0,0,G56/D56) -> 16.912692 | I56: 19 | J56: =IF(G56=0,0,I56-H56) -> 2.0873077 | K56: Occupied | L56: Guarantor: Erica Strakh
A57: Frisco | B57: 209 | C57: Talent Tree Agency LLC | D57: 2600 | E57: Apr-2025 | F57: Sep-2028 | G57: 47970 | H57: =IF(D57=0,0,G57/D57) -> 18.45 | I57: 19 | J57: =IF(G57=0,0,I57-H57) -> 0.55 | K57: Occupied | L57: Guarantor: Tapley Holland
A58: Frisco | B58: 210 | C58: Fore Fathers Apparel LLC | D58: 2600 | E58: Jun-2025 | F58: Nov-2028 | G58: 46800 | H58: =IF(D58=0,0,G58/D58) -> 18 | I58: 19 | J58: =IF(G58=0,0,I58-H58) -> 1 | K58: Occupied | L58: Guarantor: Haley Nosker
A59: Frisco | B59: 211 | C59: Nosson LLC | D59: 2600 | E59: Oct-2025 | F59: Mar-2029 | G59: 49400 | H59: =IF(D59=0,0,G59/D59) -> 19 | I59: 19 | J59: =IF(G59=0,0,I59-H59) -> 0 | K59: Occupied | L59: Guarantor: Brett Seidl
A60: Frisco | B60: 301 | C60: Brett Nicole Interiors LLC | D60: 2900 | E60: Jan-2026 | F60: Jul-2029 | G60: 55100 | H60: =IF(D60=0,0,G60/D60) -> 19 | I60: 19 | J60: =IF(G60=0,0,I60-H60) -> 0 | K60: Occupied | L60: Guarantor: Priscilla Moore
A61: Frisco | B61: 302 | C61: Ineapple Corp. | D61: 2900 | E61: Apr-2025 | F61: Sep-2028 | G61: 53505 | H61: =IF(D61=0,0,G61/D61) -> 18.45 | I61: 19 | J61: =IF(G61=0,0,I61-H61) -> 0.55 | K61: Occupied
A62: Frisco | B62: 303 | C62: Me Ra Koh Photography Inc. | D62: 2900 | E62: Sep-2025 | F62: Aug-2030 | G62: 47850 | H62: =IF(D62=0,0,G62/D62) -> 16.5 | I62: 19 | J62: =IF(G62=0,0,I62-H62) -> 2.5 | K62: Occupied | L62: Guarantor: Brian / Me Ra Tausend
A63: Frisco | B63: 304 | C63: Defensify LLC | D63: 2900 | E63: Apr-2025 | F63: Sep-2028 | G63: 53505 | H63: =IF(D63=0,0,G63/D63) -> 18.45 | I63: 19 | J63: =IF(G63=0,0,I63-H63) -> 0.55 | K63: Occupied | L63: Guarantor: Maria Cecilia Hocson
A64: Frisco | B64: 305 | C64: SHM Legacy LLC | D64: 2900 | E64: Jun-2025 | F64: Nov-2028 | G64: 55100 | H64: =IF(D64=0,0,G64/D64) -> 19 | I64: 19 | J64: =IF(G64=0,0,I64-H64) -> 0 | K64: Occupied | L64: Guarantor: Addison R. Vest
A65: Frisco | B65: 306 | C65: SenseAbilities InSync PLLC | D65: 2900 | E65: Apr-2025 | F65: Sep-2028 | G65: 49046 | H65: =IF(D65=0,0,G65/D65) -> 16.912414 | I65: 19 | J65: =IF(G65=0,0,I65-H65) -> 2.0875862 | K65: Occupied | L65: Assumed to vacate; Guarantor: Andrew Martin
A66: Mesquite | B66: 101 | C66: Cosmic Grounding LLC | D66: 3450 | E66: Nov-2022 | F66: Feb-2029 | G66: 54266 | H66: =IF(D66=0,0,G66/D66) -> 15.729275 | I66: 16 | J66: =IF(G66=0,0,I66-H66) -> 0.27072464 | K66: Occupied | L66: Shop; SPEC RENEW; Guarantor: Mike Grecia Alfaro; 1 remaining 3yr option @ 102.5%
A67: Mesquite | B67: 102 | C67: Laguna Looks LLC | D67: 2600 | E67: Oct-2024 | F67: Mar-2028 | G67: 39975 | H67: =IF(D67=0,0,G67/D67) -> 15.375 | I67: 16 | J67: =IF(G67=0,0,I67-H67) -> 0.625 | K67: Occupied | L67: Shop; Guarantor: Tyler Gilroyed; Two 3yr options @ FMV
A68: Mesquite | B68: 103 | C68: VACANT | D68: 2600 | G68: 0 | H68: =IF(D68=0,0,G68/D68) -> 0 | I68: 16 | J68: =IF(G68=0,0,I68-H68) -> 0 | K68: Vacant | L68: Shop; future lease-up Oct-2026
A69: Mesquite | B69: 104 | C69: VACANT | D69: 2600 | G69: 0 | H69: =IF(D69=0,0,G69/D69) -> 0 | I69: 16 | J69: =IF(G69=0,0,I69-H69) -> 0 | K69: Vacant | L69: Shop; future lease-up Jul-2026
A70: Mesquite | B70: 105 | C70: VACANT | D70: 2600 | G70: 0 | H70: =IF(D70=0,0,G70/D70) -> 0 | I70: 16 | J70: =IF(G70=0,0,I70-H70) -> 0 | K70: Vacant | L70: Shop; future lease-up Sep-2026
A71: Mesquite | B71: 106 | C71: Angel Wings Transport Service LLC | D71: 2600 | E71: Sep-2024 | F71: Feb-2028 | G71: 39975 | H71: =IF(D71=0,0,G71/D71) -> 15.375 | I71: 16 | J71: =IF(G71=0,0,I71-H71) -> 0.625 | K71: Occupied | L71: Shop; Guarantor: Montgomery T. Hedgecoth; Two 5yr options @ FMV
A72: Mesquite | B72: 107 | C72: Mirau Enterprises LLC | D72: 2600 | E72: Sep-2022 | F72: Aug-2027 | G72: 37099 | H72: =IF(D72=0,0,G72/D72) -> 14.268846 | I72: 16 | J72: =IF(G72=0,0,I72-H72) -> 1.7311538 | K72: Occupied | L72: Shop; Guarantor: Michael Mirau; Two 3yr options @ 102.5%
A73: Mesquite | B73: 108 | C73: Bryan Long Flowers LLC | D73: 2600 | E73: Sep-2022 | F73: Feb-2027 | G73: 38026 | H73: =IF(D73=0,0,G73/D73) -> 14.625385 | I73: 16 | J73: =IF(G73=0,0,I73-H73) -> 1.3746154 | K73: Occupied | L73: Shop; Guarantor: Bryan Long; 1yr renewal option @ 102.5%
A74: Mesquite | B74: 109 | C74: Bryan Long Flowers LLC | D74: 2600 | E74: Sep-2022 | F74: Feb-2027 | G74: 38026 | H74: =IF(D74=0,0,G74/D74) -> 14.625385 | I74: 16 | J74: =IF(G74=0,0,I74-H74) -> 1.3746154 | K74: Occupied | L74: Shop; Guarantor: Bryan Long; 3yr option @ 102.5% with 2.5% annual increases
A75: Mesquite | B75: 110 | C75: Power Engineering Services Inc. | D75: 2600 | E75: Apr-2023 | F75: Oct-2026 | G75: 41999 | H75: =IF(D75=0,0,G75/D75) -> 16.153462 | I75: 16 | J75: =IF(G75=0,0,I75-H75) -> -0.15346154 | K75: Occupied | L75: Shop; Guarantor: Daniel Staudt; Two 3yr options
A76: Mesquite | B76: 111 | C76: A&G Dental Ceramics Inc. | D76: 2600 | E76: Jan-2026 | F76: Dec-2029 | G76: 39104 | H76: =IF(D76=0,0,G76/D76) -> 15.04 | I76: 16 | J76: =IF(G76=0,0,I76-H76) -> 0.96 | K76: Occupied | L76: Shop; Guarantor: Jose S. Alvarez; Two 3yr options @ FMV
A77: Mesquite | B77: 112 | C77: Madd Cheer Inc. | D77: 2600 | E77: Sep-2022 | F77: Feb-2029 | G77: 38026 | H77: =IF(D77=0,0,G77/D77) -> 14.625385 | I77: 16 | J77: =IF(G77=0,0,I77-H77) -> 1.3746154 | K77: Occupied | L77: Shop; SPEC RENEW; Guarantor: Jasmine Masters
A78: Mesquite | B78: 201 | C78: VACANT | D78: 1870 | G78: 0 | H78: =IF(D78=0,0,G78/D78) -> 0 | I78: 16 | J78: =IF(G78=0,0,I78-H78) -> 0 | K78: Vacant | L78: Studio; future lease-up Nov-2026
A79: Mesquite | B79: 202 | C79: Mesquite Signs LLC | D79: 1870 | E79: Jan-2026 | F79: May-2026 | G79: 27997 | H79: =IF(D79=0,0,G79/D79) -> 14.971658 | I79: 16 | J79: =IF(G79=0,0,I79-H79) -> 1.0283422 | K79: Occupied | L79: Studio; MTM through 06/26; Guarantor: Todd Rumaner
A80: Mesquite | B80: 203 | C80: Mesquite Signs LLC | D80: 1870 | E80: Sep-2023 | F80: Feb-2027 | G80: 27997 | H80: =IF(D80=0,0,G80/D80) -> 14.971658 | I80: 16 | J80: =IF(G80=0,0,I80-H80) -> 1.0283422 | K80: Occupied | L80: Studio; assumed vacate 02/27; Guarantor: Todd Rumaner
A81: Mesquite | B81: 204 | C81: VACANT | D81: 1870 | G81: 0 | H81: =IF(D81=0,0,G81/D81) -> 0 | I81: 16 | J81: =IF(G81=0,0,I81-H81) -> 0 | K81: Vacant | L81: Studio; future lease-up Aug-2026
A82: Mesquite | B82: 205 | C82: VACANT | D82: 1870 | G82: 0 | H82: =IF(D82=0,0,G82/D82) -> 0 | I82: 16 | J82: =IF(G82=0,0,I82-H82) -> 0 | K82: Vacant | L82: Studio; SPEC VACATE Voltiva LLC 12/25; future lease-up Dec-2026
A83: Mesquite | B83: 206 | C83: Climate Control Heating & Air LLC | D83: 1870 | E83: Mar-2025 | F83: Aug-2028 | G83: 28751 | H83: =IF(D83=0,0,G83/D83) -> 15.374866 | I83: 16 | J83: =IF(G83=0,0,I83-H83) -> 0.62513369 | K83: Occupied | L83: Studio; Guarantor: Juan Quinones Jr.
A84: Mesquite | B84: 207 | C84: The Lash Empire LLC | D84: 1870 | E84: Oct-2024 | F84: Mar-2028 | G84: 28751 | H84: =IF(D84=0,0,G84/D84) -> 15.374866 | I84: 16 | J84: =IF(G84=0,0,I84-H84) -> 0.62513369 | K84: Occupied | L84: Studio; Guarantor: Delia Aguero
A85: Mesquite | B85: 208 | C85: Richard Rome | D85: 1870 | E85: Nov-2023 | F85: May-2027 | G85: 29470 | H85: =IF(D85=0,0,G85/D85) -> 15.759358 | I85: 16 | J85: =IF(G85=0,0,I85-H85) -> 0.24064171 | K85: Occupied | L85: Studio; assumed vacate 05/27; Guarantor: Richard Rome
A86: Mesquite | B86: 209 | C86: VACANT | D86: 1870 | G86: 0 | H86: =IF(D86=0,0,G86/D86) -> 0 | I86: 16 | J86: =IF(G86=0,0,I86-H86) -> 0 | K86: Vacant | L86: Studio; future lease-up Sep-2026
A87: Mesquite | B87: 210 | C87: e2 Power LLC | D87: 1870 | E87: Mar-2023 | F87: Aug-2026 | G87: 28697 | H87: =IF(D87=0,0,G87/D87) -> 15.345989 | I87: 16 | J87: =IF(G87=0,0,I87-H87) -> 0.6540107 | K87: Occupied | L87: Studio; assumed vacate 08/26; Guarantor: Michael Stephens
A88: Lewisville | B88: 101 | C88: Designer Countertops LLC | D88: 2600 | E88: Jul-2023 | F88: Dec-2026 | G88: 40291 | H88: =IF(D88=0,0,G88/D88) -> 15.496538 | I88: 18 | J88: =IF(G88=0,0,I88-H88) -> 2.5034615 | K88: Occupied | L88: Shop; assumed vacate 12/26; Guarantor: Dan Villareal Jr.
A89: Lewisville | B89: 102 | C89: Tasman Geosciences Inc. | D89: 2600 | E89: Dec-2025 | F89: Jun-2029 | G89: 46800 | H89: =IF(D89=0,0,G89/D89) -> 18 | I89: 18 | J89: =IF(G89=0,0,I89-H89) -> 0 | K89: Occupied | L89: Shop; Two 3yr options @ FMV
A90: Lewisville | B90: 103 | C90: McWhorter Coffee LLC | D90: 2600 | E90: Jun-2023 | F90: Nov-2026 | G90: 38926 | H90: =IF(D90=0,0,G90/D90) -> 14.971538 | I90: 18 | J90: =IF(G90=0,0,I90-H90) -> 3.0284615 | K90: Occupied | L90: Shop; Guarantor: James McWhorter; Two 3yr options
A91: Lewisville | B91: 104 | C91: Alff Construction LLC | D91: 2600 | E91: Jun-2023 | F91: Nov-2026 | G91: 38926 | H91: =IF(D91=0,0,G91/D91) -> 14.971538 | I91: 18 | J91: =IF(G91=0,0,I91-H91) -> 3.0284615 | K91: Occupied | L91: Shop; Guarantor: Austin Alff; Two 3yr options
A92: Lewisville | B92: 105 | C92: Alff Construction LLC | D92: 2600 | E92: Jun-2023 | F92: Nov-2026 | G92: 38926 | H92: =IF(D92=0,0,G92/D92) -> 14.971538 | I92: 18 | J92: =IF(G92=0,0,I92-H92) -> 3.0284615 | K92: Occupied | L92: Shop; Guarantor: Austin Alff; Two 3yr options
A93: Lewisville | B93: 106 | C93: Immersive Tech Inc | D93: 2600 | E93: Mar-2024 | F93: Aug-2027 | G93: 40974 | H93: =IF(D93=0,0,G93/D93) -> 15.759231 | I93: 18 | J93: =IF(G93=0,0,I93-H93) -> 2.2407692 | K93: Occupied | L93: Shop; assumed vacate 08/27; Guarantor: Erik Maltais
A94: Lewisville | B94: 107 | C94: 425 Apparel LLC | D94: 2600 | E94: Aug-2024 | F94: Feb-2028 | G94: 45065 | H94: =IF(D94=0,0,G94/D94) -> 17.332692 | I94: 18 | J94: =IF(G94=0,0,I94-H94) -> 0.66730769 | K94: Occupied | L94: Shop; Guarantor: Corey Lemle; Two 3yr options @ FMV
A95: Lewisville | B95: 108 | C95: Greenco Construction Services Inc. | D95: 2600 | E95: Aug-2023 | F95: Jan-2027 | G95: 40291 | H95: =IF(D95=0,0,G95/D95) -> 15.496538 | I95: 18 | J95: =IF(G95=0,0,I95-H95) -> 2.5034615 | K95: Occupied | L95: Shop; Guarantor: Tad Bush; Two 3yr options
A96: Lewisville | B96: 109 | C96: Morrison Construction Company Inc. | D96: 2600 | E96: Mar-2024 | F96: Aug-2027 | G96: 43706 | H96: =IF(D96=0,0,G96/D96) -> 16.81 | I96: 18 | J96: =IF(G96=0,0,I96-H96) -> 1.19 | K96: Occupied | L96: Shop; Guarantor: William J. Gilbert; Two 3yr options
A97: Lewisville | B97: 110 | C97: ShipSquad LLC | D97: 2600 | E97: Sep-2023 | F97: Feb-2027 | G97: 40291 | H97: =IF(D97=0,0,G97/D97) -> 15.496538 | I97: 18 | J97: =IF(G97=0,0,I97-H97) -> 2.5034615 | K97: Occupied | L97: Shop; Guarantor: Greg Weese / Levi Bayard / Shane Brown
A98: Lewisville | B98: 201 | C98: Next Level Telecommunications LLC | D98: 2600 | E98: Oct-2023 | F98: Mar-2027 | G98: 40291 | H98: =IF(D98=0,0,G98/D98) -> 15.496538 | I98: 18 | J98: =IF(G98=0,0,I98-H98) -> 2.5034615 | K98: Occupied | L98: Shop; Guarantor: Robert Cook; Two 3yr options
... A163: Plano | B163: 307 | C163: Dallas Wax LLC | D163: 3450 | E163: Feb-2023 | F163: Jul-2026 | G163: 52014 | H163: =IF(D163=0,0,G163/D163) -> 15.076522 | I163: 19 | J163: =IF(G163=0,0,I163-H163) -> 3.9234783 | K163: Occupied | L163: Shop; Guarantor: Laurence Daggett; Two 3yr options @ 102.5%
A164: TOTAL / AVG | D164: =SUM(D2:D163) -> 430550 | G164: =SUM(G2:G163) -> 6290509 | H164: =IF(D164=0,0,G164/D164) -> 14.610403 | I164: =SUMPRODUCT(D2:D163,I2:I163)/D164 -> 17.826164 | J164: =I164-H164 -> 3.2157612

Sheet Summary
A1: Property | B1: Total SF | C1: Occupied SF | D1: Vacant SF | E1: Occupancy % | F1: # Units | G1: Annual In-Place Rent | H1: Avg In-Place PSF | I1: Avg Market PSF | J1: LTL %
A2: Carrollton | B2: =SUMIF('Rent Roll'!A:A,A2,'Rent Roll'!D:D) -> 101855 | C2: =SUMIFS('Rent Roll'!D:D,'Rent Roll'!A:A,A2,'Rent Roll'!K:K,"Occupied") -> 92935 | D2: =SUMIFS('Rent Roll'!D:D,'Rent Roll'!A:A,A2,'Rent Roll'!K:K,"Vacant") -> 8920 | E2: =IF(B2=0,0,C2/B2) -> 0.91242453 | F2: =COUNTIF('Rent Roll'!A:A,A2) -> 36 | G2: =SUMIF('Rent Roll'!A:A,A2,'Rent Roll'!G:G) -> 1494981 | H2: =IF(C2=0,0,G2/C2) -> 16.086308 | I2: =IF(B2=0,0,SUMPRODUCT(('Rent Roll'!A2:A163=A2)*'Rent Roll'!D2:D163*'Rent Roll'!I2:I163)/B2) -> 17.228315 | J2: =IF(H2=0,0,I2/H2-1) -> 0.070992496
A3: Frisco | B3: =SUMIF('Rent Roll'!A:A,A3,'Rent Roll'!D:D) -> 74600 | C3: =SUMIFS('Rent Roll'!D:D,'Rent Roll'!A:A,A3,'Rent Roll'!K:K,"Occupied") -> 74600 | D3: =SUMIFS('Rent Roll'!D:D,'Rent Roll'!A:A,A3,'Rent Roll'!K:K,"Vacant") -> 0 | E3: =IF(B3=0,0,C3/B3) -> 1 | F3: =COUNTIF('Rent Roll'!A:A,A3) -> 28 | G3: =SUMIF('Rent Roll'!A:A,A3,'Rent Roll'!G:G) -> 1341677 | H3: =IF(C3=0,0,G3/C3) -> 17.984946 | I3: =IF(B3=0,0,SUMPRODUCT(('Rent Roll'!A2:A163=A3)*'Rent Roll'!D2:D163*'Rent Roll'!I2:I163)/B3) -> 19 | J3: =IF(H3=0,0,I3/H3-1) -> 0.056439068
A4: Mesquite | B4: =SUMIF('Rent Roll'!A:A,A4,'Rent Roll'!D:D) -> 50750 | C4: =SUMIFS('Rent Roll'!D:D,'Rent Roll'!A:A,A4,'Rent Roll'!K:K,"Occupied") -> 35470 | D4: =SUMIFS('Rent Roll'!D:D,'Rent Roll'!A:A,A4,'Rent Roll'!K:K,"Vacant") -> 15280 | E4: =IF(B4=0,0,C4/B4) -> 0.69891626 | F4: =COUNTIF('Rent Roll'!A:A,A4) -> 22 | G4: =SUMIF('Rent Roll'!A:A,A4,'Rent Roll'!G:G) -> 538159 | H4: =IF(C4=0,0,G4/C4) -> 15.17223 | I4: =IF(B4=0,0,SUMPRODUCT(('Rent Roll'!A2:A163=A4)*'Rent Roll'!D2:D163*'Rent Roll'!I2:I163)/B4) -> 16 | J4: =IF(H4=0,0,I4/H4-1) -> 0.054558225
A5: Lewisville | B5: =SUMIF('Rent Roll'!A:A,A5,'Rent Roll'!D:D) -> 69500 | C5: =SUMIFS('Rent Roll'!D:D,'Rent Roll'!A:A,A5,'Rent Roll'!K:K,"Occupied") -> 69500 | D5: =SUMIFS('Rent Roll'!D:D,'Rent Roll'!A:A,A5,'Rent Roll'!K:K,"Vacant") -> 0 | E5: =IF(B5=0,0,C5/B5) -> 1 | F5: =COUNTIF('Rent Roll'!A:A,A5) -> 28 | G5: =SUMIF('Rent Roll'!A:A,A5,'Rent Roll'!G:G) -> 1084026 | H5: =IF(C5=0,0,G5/C5) -> 15.597496 | I5: =IF(B5=0,0,SUMPRODUCT(('Rent Roll'!A2:A163=A5)*'Rent Roll'!D2:D163*'Rent Roll'!I2:I163)/B5) -> 18 | J5: =IF(H5=0,0,I5/H5-1) -> 0.15403136
A6: Roanoke | B6: =SUMIF('Rent Roll'!A:A,A6,'Rent Roll'!D:D) -> 51595 | C6: =SUMIFS('Rent Roll'!D:D,'Rent Roll'!A:A,A6,'Rent Roll'!K:K,"Occupied") -> 30245 | D6: =SUMIFS('Rent Roll'!D:D,'Rent Roll'!A:A,A6,'Rent Roll'!K:K,"Vacant") -> 21350 | E6: =IF(B6=0,0,C6/B6) -> 0.58620021 | F6: =COUNTIF('Rent Roll'!A:A,A6) -> 18 | G6: =SUMIF('Rent Roll'!A:A,A6,'Rent Roll'!G:G) -> 512730 | H6: =IF(C6=0,0,G6/C6) -> 16.952554 | I6: =IF(B6=0,0,SUMPRODUCT(('Rent Roll'!A2:A163=A6)*'Rent Roll'!D2:D163*'Rent Roll'!I2:I163)/B6) -> 17 | J6: =IF(H6=0,0,I6/H6-1) -> 0.002798744
A7: Plano | B7: =SUMIF('Rent Roll'!A:A,A7,'Rent Roll'!D:D) -> 82250 | C7: =SUMIFS('Rent Roll'!D:D,'Rent Roll'!A:A,A7,'Rent Roll'!K:K,"Occupied") -> 79650 | D7: =SUMIFS('Rent Roll'!D:D,'Rent Roll'!A:A,A7,'Rent Roll'!K:K,"Vacant") -> 2600 | E7: =IF(B7=0,0,C7/B7) -> 0.96838906 | F7: =COUNTIF('Rent Roll'!A:A,A7) -> 30 | G7: =SUMIF('Rent Roll'!A:A,A7,'Rent Roll'!G:G) -> 1318936 | H7: =IF(C7=0,0,G7/C7) -> 16.559146 | I7: =IF(B7=0,0,SUMPRODUCT(('Rent Roll'!A2:A163=A7)*'Rent Roll'!D2:D163*'Rent Roll'!I2:I163)/B7) -> 19 | J7: =IF(H7=0,0,I7/H7-1) -> 0.14740215
A8: Portfolio | B8: =SUM(B2:B7) -> 430550 | C8: =SUM(C2:C7) -> 382400 | D8: =SUM(D2:D7) -> 48150 | E8: =IF(B8=0,0,C8/B8) -> 0.8881663 | F8: =SUM(F2:F7) -> 162 | G8: =SUM(G2:G7) -> 6290509 | H8: =IF(C8=0,0,G8/C8) -> 16.450076 | I8: =IF(B8=0,0,SUMPRODUCT('Rent Roll'!D2:D163,'Rent Roll'!I2:I163)/B8) -> 17.826164 | J8: =IF(H8=0,0,I8/H8-1) -> 0.083652403
